Record ID,Employee ID,Reason for absence,Month of absence,Day of the week,Seasons,Transportation expense,Distance from Residence to Work,Service time,Age,Work load Average/day ,Hit target,Disciplinary failure,Education,Son,Social drinker,Social smoker,Pet,Weight,Height,Body mass index,Absenteeism time in hours,Absenteeism severity
1,11,26,7,3,1,289,36,13,33,"239,554",97,0,1,2,1,0,1,90,172,30,4,0
2,36,0,7,3,1,118,13,18,50,"239,554",97,1,1,1,1,0,0,98,178,31,0,0
3,3,23,7,4,1,179,51,18,38,"239,554",97,0,1,0,1,0,0,89,170,31,2,0
4,7,7,7,5,1,279,5,14,39,"239,554",97,0,1,2,1,1,0,68,168,24,4,0
5,11,23,7,5,1,289,36,13,33,"239,554",97,0,1,2,1,0,1,90,172,30,2,0
6,3,23,7,6,1,179,51,18,38,"239,554",97,0,1,0,1,0,0,89,170,31,2,0
7,10,22,7,6,1,361,52,3,28,"239,554",97,0,1,1,1,0,4,80,172,27,8,1
8,20,23,7,6,1,260,50,11,36,"239,554",97,0,1,4,1,0,0,65,168,23,4,0
9,14,19,7,2,1,155,12,14,34,"239,554",97,0,1,2,1,0,0,95,196,25,40,1
10,1,22,7,2,1,235,11,14,37,"239,554",97,0,3,1,0,0,1,88,172,29,8,1
11,20,1,7,2,1,260,50,11,36,"239,554",97,0,1,4,1,0,0,65,168,23,8,1
12,20,1,7,3,1,260,50,11,36,"239,554",97,0,1,4,1,0,0,65,168,23,8,1
13,20,11,7,4,1,260,50,11,36,"239,554",97,0,1,4,1,0,0,65,168,23,8,1
14,3,11,7,4,1,179,51,18,38,"239,554",97,0,1,0,1,0,0,89,170,31,1,0
15,3,23,7,4,1,179,51,18,38,"239,554",97,0,1,0,1,0,0,89,170,31,4,0
16,24,14,7,6,1,246,25,16,41,"239,554",97,0,1,0,1,0,0,67,170,23,8,1
17,3,23,7,6,1,179,51,18,38,"239,554",97,0,1,0,1,0,0,89,170,31,2,0
18,3,21,7,2,1,179,51,18,38,"239,554",97,0,1,0,1,0,0,89,170,31,8,1
19,6,11,7,5,1,189,29,13,33,"239,554",97,0,1,2,0,0,2,69,167,25,8,1
20,33,23,8,4,1,248,25,14,47,"205,917",92,0,1,2,0,0,1,86,165,32,2,0
21,18,10,8,4,1,330,16,4,28,"205,917",92,0,2,0,0,0,0,84,182,25,8,1
22,3,11,8,2,1,179,51,18,38,"205,917",92,0,1,0,1,0,0,89,170,31,1,0
23,10,13,8,2,1,361,52,3,28,"205,917",92,0,1,1,1,0,4,80,172,27,40,1
24,20,28,8,6,1,260,50,11,36,"205,917",92,0,1,4,1,0,0,65,168,23,4,0
25,11,18,8,2,1,289,36,13,33,"205,917",92,0,1,2,1,0,1,90,172,30,8,1
26,10,25,8,2,1,361,52,3,28,"205,917",92,0,1,1,1,0,4,80,172,27,7,0
27,11,23,8,3,1,289,36,13,33,"205,917",92,0,1,2,1,0,1,90,172,30,1,0
28,30,28,8,4,1,157,27,6,29,"205,917",92,0,1,0,1,1,0,75,185,22,4,0
29,11,18,8,4,1,289,36,13,33,"205,917",92,0,1,2,1,0,1,90,172,30,8,1
30,3,23,8,6,1,179,51,18,38,"205,917",92,0,1,0,1,0,0,89,170,31,2,0
31,3,18,8,2,1,179,51,18,38,"205,917",92,0,1,0,1,0,0,89,170,31,8,1
32,2,18,8,5,1,235,29,12,48,"205,917",92,0,1,1,0,1,5,88,163,33,8,1
33,1,23,8,5,1,235,11,14,37,"205,917",92,0,3,1,0,0,1,88,172,29,4,0
34,2,18,8,2,1,235,29,12,48,"205,917",92,0,1,1,0,1,5,88,163,33,8,1
35,3,23,8,2,1,179,51,18,38,"205,917",92,0,1,0,1,0,0,89,170,31,2,0
36,10,23,8,2,1,361,52,3,28,"205,917",92,0,1,1,1,0,4,80,172,27,1,0
37,11,24,8,3,1,289,36,13,33,"205,917",92,0,1,2,1,0,1,90,172,30,8,1
38,19,11,8,5,1,291,50,12,32,"205,917",92,0,1,0,1,0,0,65,169,23,4,0
39,2,28,8,6,1,235,29,12,48,"205,917",92,0,1,1,0,1,5,88,163,33,8,1
40,20,23,8,6,1,260,50,11,36,"205,917",92,0,1,4,1,0,0,65,168,23,4,0
41,27,23,9,3,1,184,42,7,27,"241,476",92,0,1,0,0,0,0,58,167,21,2,0
42,34,23,9,2,1,118,10,10,37,"241,476",92,0,1,0,0,0,0,83,172,28,4,0
43,3,23,9,3,1,179,51,18,38,"241,476",92,0,1,0,1,0,0,89,170,31,4,0
44,5,19,9,3,1,235,20,13,43,"241,476",92,0,1,1,1,0,0,106,167,38,8,1
45,14,23,9,4,1,155,12,14,34,"241,476",92,0,1,2,1,0,0,95,196,25,2,0
46,34,23,9,2,1,118,10,10,37,"241,476",92,0,1,0,0,0,0,83,172,28,3,0
47,3,23,9,3,1,179,51,18,38,"241,476",92,0,1,0,1,0,0,89,170,31,3,0
48,15,23,9,5,1,291,31,12,40,"241,476",92,0,1,1,1,0,1,73,171,25,4,0
49,20,22,9,6,1,260,50,11,36,"241,476",92,0,1,4,1,0,0,65,168,23,8,1
50,15,14,9,2,4,291,31,12,40,"241,476",92,0,1,1,1,0,1,73,171,25,32,1
51,20,0,9,2,4,260,50,11,36,"241,476",92,1,1,4,1,0,0,65,168,23,0,0
52,29,0,9,2,4,225,26,9,28,"241,476",92,1,1,1,0,0,2,69,169,24,0,0
53,28,23,9,3,4,225,26,9,28,"241,476",92,0,1,1,0,0,2,69,169,24,2,0
54,34,23,9,3,4,118,10,10,37,"241,476",92,0,1,0,0,0,0,83,172,28,2,0
55,11,0,9,3,4,289,36,13,33,"241,476",92,1,1,2,1,0,1,90,172,30,0,0
56,36,0,9,3,4,118,13,18,50,"241,476",92,1,1,1,1,0,0,98,178,31,0,0
57,28,18,9,4,4,225,26,9,28,"241,476",92,0,1,1,0,0,2,69,169,24,3,0
58,3,23,9,4,4,179,51,18,38,"241,476",92,0,1,0,1,0,0,89,170,31,3,0
59,13,0,9,4,4,369,17,12,31,"241,476",92,1,1,3,1,0,0,70,169,25,0,0
60,33,23,9,6,4,248,25,14,47,"241,476",92,0,1,2,0,0,1,86,165,32,1,0
61,3,23,9,6,4,179,51,18,38,"241,476",92,0,1,0,1,0,0,89,170,31,3,0
62,20,23,9,6,4,260,50,11,36,"241,476",92,0,1,4,1,0,0,65,168,23,4,0
63,3,23,10,3,4,179,51,18,38,"253,465",93,0,1,0,1,0,0,89,170,31,3,0
64,34,23,10,3,4,118,10,10,37,"253,465",93,0,1,0,0,0,0,83,172,28,3,0
65,36,0,10,4,4,118,13,18,50,"253,465",93,1,1,1,1,0,0,98,178,31,0,0
66,22,23,10,5,4,179,26,9,30,"253,465",93,0,3,0,0,0,0,56,171,19,1,0
67,3,23,10,6,4,179,51,18,38,"253,465",93,0,1,0,1,0,0,89,170,31,3,0
68,28,23,10,6,4,225,26,9,28,"253,465",93,0,1,1,0,0,2,69,169,24,3,0
69,34,23,10,3,4,118,10,10,37,"253,465",93,0,1,0,0,0,0,83,172,28,3,0
70,28,23,10,4,4,225,26,9,28,"253,465",93,0,1,1,0,0,2,69,169,24,2,0
71,33,23,10,4,4,248,25,14,47,"253,465",93,0,1,2,0,0,1,86,165,32,2,0
72,15,23,10,5,4,291,31,12,40,"253,465",93,0,1,1,1,0,1,73,171,25,5,0
73,3,23,10,4,4,179,51,18,38,"253,465",93,0,1,0,1,0,0,89,170,31,8,1
74,28,23,10,4,4,225,26,9,28,"253,465",93,0,1,1,0,0,2,69,169,24,3,0
75,20,19,10,5,4,260,50,11,36,"253,465",93,0,1,4,1,0,0,65,168,23,16,1
76,15,14,10,3,4,291,31,12,40,"253,465",93,0,1,1,1,0,1,73,171,25,8,1
77,28,28,10,3,4,225,26,9,28,"253,465",93,0,1,1,0,0,2,69,169,24,2,0
78,11,26,10,4,4,289,36,13,33,"253,465",93,0,1,2,1,0,1,90,172,30,8,1
79,10,23,10,6,4,361,52,3,28,"253,465",93,0,1,1,1,0,4,80,172,27,1,0
80,20,28,10,6,4,260,50,11,36,"253,465",93,0,1,4,1,0,0,65,168,23,3,0
81,3,23,11,5,4,179,51,18,38,"306,345",93,0,1,0,1,0,0,89,170,31,1,0
82,28,23,11,4,4,225,26,9,28,"306,345",93,0,1,1,0,0,2,69,169,24,1,0
83,3,13,11,5,4,179,51,18,38,"306,345",93,0,1,0,1,0,0,89,170,31,8,1
84,17,21,11,5,4,179,22,17,40,"306,345",93,0,2,2,0,1,0,63,170,22,8,1
85,15,23,11,5,4,291,31,12,40,"306,345",93,0,1,1,1,0,1,73,171,25,5,0
86,14,10,11,2,4,155,12,14,34,"306,345",93,0,1,2,1,0,0,95,196,25,32,1
87,6,22,11,2,4,189,29,13,33,"306,345",93,0,1,2,0,0,2,69,167,25,8,1
88,15,14,11,2,4,291,31,12,40,"306,345",93,0,1,1,1,0,1,73,171,25,40,1
89,28,23,11,4,4,225,26,9,28,"306,345",93,0,1,1,0,0,2,69,169,24,1,0
90,14,6,11,6,4,155,12,14,34,"306,345",93,0,1,2,1,0,0,95,196,25,8,1
91,28,23,11,4,4,225,26,9,28,"306,345",93,0,1,1,0,0,2,69,169,24,3,0
92,17,21,11,4,4,179,22,17,40,"306,345",93,0,2,2,0,1,0,63,170,22,8,1
93,28,13,11,6,4,225,26,9,28,"306,345",93,0,1,1,0,0,2,69,169,24,3,0
94,20,28,11,6,4,260,50,11,36,"306,345",93,0,1,4,1,0,0,65,168,23,4,0
95,33,28,11,2,4,248,25,14,47,"306,345",93,0,1,2,0,0,1,86,165,32,1,0
96,28,28,11,3,4,225,26,9,28,"306,345",93,0,1,1,0,0,2,69,169,24,3,0
97,11,7,11,4,4,289,36,13,33,"306,345",93,0,1,2,1,0,1,90,172,30,24,1
98,15,23,11,5,4,291,31,12,40,"306,345",93,0,1,1,1,0,1,73,171,25,3,0
99,33,23,12,3,4,248,25,14,47,"261,306",97,0,1,2,0,0,1,86,165,32,1,0
100,34,19,12,3,4,118,10,10,37,"261,306",97,0,1,0,0,0,0,83,172,28,64,1
101,36,23,12,4,4,118,13,18,50,"261,306",97,0,1,1,1,0,0,98,178,31,2,0
102,1,26,12,4,4,235,11,14,37,"261,306",97,0,3,1,0,0,1,88,172,29,8,1
103,28,23,12,5,4,225,26,9,28,"261,306",97,0,1,1,0,0,2,69,169,24,2,0
104,20,26,12,6,4,260,50,11,36,"261,306",97,0,1,4,1,0,0,65,168,23,8,1
105,34,19,12,3,4,118,10,10,37,"261,306",97,0,1,0,0,0,0,83,172,28,56,1
106,10,22,12,4,4,361,52,3,28,"261,306",97,0,1,1,1,0,4,80,172,27,8,1
107,28,28,12,5,4,225,26,9,28,"261,306",97,0,1,1,0,0,2,69,169,24,3,0
108,20,28,12,6,4,260,50,11,36,"261,306",97,0,1,4,1,0,0,65,168,23,3,0
109,28,23,12,3,4,225,26,9,28,"261,306",97,0,1,1,0,0,2,69,169,24,2,0
110,10,22,12,4,4,361,52,3,28,"261,306",97,0,1,1,1,0,4,80,172,27,8,1
111,34,27,12,6,4,118,10,10,37,"261,306",97,0,1,0,0,0,0,83,172,28,2,0
112,24,19,12,6,2,246,25,16,41,"261,306",97,0,1,0,1,0,0,67,170,23,8,1
113,28,23,12,6,2,225,26,9,28,"261,306",97,0,1,1,0,0,2,69,169,24,2,0
114,28,23,1,4,2,225,26,9,28,"308,593",95,0,1,1,0,0,2,69,169,24,1,0
115,34,19,1,2,2,118,10,10,37,"308,593",95,0,1,0,0,0,0,83,172,28,1,0
116,34,27,1,3,2,118,10,10,37,"308,593",95,0,1,0,0,0,0,83,172,28,1,0
117,14,18,1,3,2,155,12,14,34,"308,593",95,0,1,2,1,0,0,95,196,25,8,1
118,28,27,1,4,2,225,26,9,28,"308,593",95,0,1,1,0,0,2,69,169,24,2,0
119,27,23,1,5,2,184,42,7,27,"308,593",95,0,1,0,0,0,0,58,167,21,2,0
120,28,28,1,5,2,225,26,9,28,"308,593",95,0,1,1,0,0,2,69,169,24,2,0
121,28,27,1,6,2,225,26,9,28,"308,593",95,0,1,1,0,0,2,69,169,24,1,0
122,34,27,1,2,2,118,10,10,37,"308,593",95,0,1,0,0,0,0,83,172,28,2,0
123,28,27,1,3,2,225,26,9,28,"308,593",95,0,1,1,0,0,2,69,169,24,2,0
124,34,27,1,3,2,118,10,10,37,"308,593",95,0,1,0,0,0,0,83,172,28,2,0
125,34,27,1,4,2,118,10,10,37,"308,593",95,0,1,0,0,0,0,83,172,28,2,0
126,34,27,1,5,2,118,10,10,37,"308,593",95,0,1,0,0,0,0,83,172,28,2,0
127,34,27,1,6,2,118,10,10,37,"308,593",95,0,1,0,0,0,0,83,172,28,2,0
128,34,27,1,2,2,118,10,10,37,"308,593",95,0,1,0,0,0,0,83,172,28,2,0
129,34,27,1,3,2,118,10,10,37,"308,593",95,0,1,0,0,0,0,83,172,28,2,0
130,22,18,1,3,2,179,26,9,30,"308,593",95,0,3,0,0,0,0,56,171,19,8,1
131,11,18,1,3,2,289,36,13,33,"308,593",95,0,1,2,1,0,1,90,172,30,8,1
132,34,27,1,4,2,118,10,10,37,"308,593",95,0,1,0,0,0,0,83,172,28,2,0
133,27,23,1,5,2,184,42,7,27,"308,593",95,0,1,0,0,0,0,58,167,21,2,0
134,34,27,1,5,2,118,10,10,37,"308,593",95,0,1,0,0,0,0,83,172,28,2,0
135,34,27,1,2,2,118,10,10,37,"308,593",95,0,1,0,0,0,0,83,172,28,0,0
136,28,23,1,3,2,225,26,9,28,"308,593",95,0,1,1,0,0,2,69,169,24,1,0
137,11,22,1,5,2,289,36,13,33,"308,593",95,0,1,2,1,0,1,90,172,30,3,0
138,27,23,2,6,2,184,42,7,27,"302,585",99,0,1,0,0,0,0,58,167,21,1,0
139,24,1,2,4,2,246,25,16,41,"302,585",99,0,1,0,1,0,0,67,170,23,8,1
140,3,11,2,4,2,179,51,18,38,"302,585",99,0,1,0,1,0,0,89,170,31,8,1
141,14,28,2,5,2,155,12,14,34,"302,585",99,0,1,2,1,0,0,95,196,25,2,0
142,6,23,2,5,2,189,29,13,33,"302,585",99,0,1,2,0,0,2,69,167,25,8,1
143,20,28,2,6,2,260,50,11,36,"302,585",99,0,1,4,1,0,0,65,168,23,2,0
144,11,22,2,6,2,289,36,13,33,"302,585",99,0,1,2,1,0,1,90,172,30,8,1
145,31,11,2,2,2,388,15,9,50,"302,585",99,0,1,0,0,0,0,76,178,24,8,1
146,31,1,2,3,2,388,15,9,50,"302,585",99,0,1,0,0,0,0,76,178,24,8,1
147,28,28,2,2,2,225,26,9,28,"302,585",99,0,1,1,0,0,2,69,169,24,2,0
148,28,23,2,3,2,225,26,9,28,"302,585",99,0,1,1,0,0,2,69,169,24,2,0
149,22,23,2,3,2,179,26,9,30,"302,585",99,0,3,0,0,0,0,56,171,19,1,0
150,27,23,2,3,2,184,42,7,27,"302,585",99,0,1,0,0,0,0,58,167,21,8,1
151,28,25,2,5,2,225,26,9,28,"302,585",99,0,1,1,0,0,2,69,169,24,3,0
152,18,18,2,2,2,330,16,4,28,"302,585",99,0,2,0,0,0,0,84,182,25,8,1
153,18,23,2,3,2,330,16,4,28,"302,585",99,0,2,0,0,0,0,84,182,25,1,0
154,28,23,2,4,2,225,26,9,28,"302,585",99,0,1,1,0,0,2,69,169,24,1,0
155,6,19,2,5,2,189,29,13,33,"302,585",99,0,1,2,0,0,2,69,167,25,8,1
156,19,28,3,3,2,291,50,12,32,"343,253",95,0,1,0,1,0,0,65,169,23,2,0
157,20,19,3,3,2,260,50,11,36,"343,253",95,0,1,4,1,0,0,65,168,23,8,1
158,30,19,3,3,2,157,27,6,29,"343,253",95,0,1,0,1,1,0,75,185,22,3,0
159,17,17,3,3,2,179,22,17,40,"343,253",95,0,2,2,0,1,0,63,170,22,8,1
160,15,22,3,4,2,291,31,12,40,"343,253",95,0,1,1,1,0,1,73,171,25,8,1
161,20,13,3,4,2,260,50,11,36,"343,253",95,0,1,4,1,0,0,65,168,23,8,1
162,22,13,3,5,2,179,26,9,30,"343,253",95,0,3,0,0,0,0,56,171,19,8,1
163,33,14,3,6,2,248,25,14,47,"343,253",95,0,1,2,0,0,1,86,165,32,3,0
164,20,13,3,6,2,260,50,11,36,"343,253",95,0,1,4,1,0,0,65,168,23,40,1
165,17,11,3,2,2,179,22,17,40,"343,253",95,0,2,2,0,1,0,63,170,22,40,1
166,14,1,3,2,2,155,12,14,34,"343,253",95,0,1,2,1,0,0,95,196,25,16,1
167,20,26,3,2,2,260,50,11,36,"343,253",95,0,1,4,1,0,0,65,168,23,16,1
168,14,13,3,3,2,155,12,14,34,"343,253",95,0,1,2,1,0,0,95,196,25,8,1
169,11,6,3,5,2,289,36,13,33,"343,253",95,0,1,2,1,0,1,90,172,30,8,1
170,17,8,3,5,2,179,22,17,40,"343,253",95,0,2,2,0,1,0,63,170,22,8,1
171,20,28,3,6,2,260,50,11,36,"343,253",95,0,1,4,1,0,0,65,168,23,4,0
172,28,23,3,6,2,225,26,9,28,"343,253",95,0,1,1,0,0,2,69,169,24,1,0
173,7,14,3,2,2,279,5,14,39,"343,253",95,0,1,2,1,1,0,68,168,24,8,1
174,3,13,3,3,2,179,51,18,38,"343,253",95,0,1,0,1,0,0,89,170,31,24,1
175,28,23,3,4,2,225,26,9,28,"343,253",95,0,1,1,0,0,2,69,169,24,2,0
176,28,11,3,2,3,225,26,9,28,"343,253",95,0,1,1,0,0,2,69,169,24,8,1
177,22,13,3,2,3,179,26,9,30,"343,253",95,0,3,0,0,0,0,56,171,19,1,0
178,28,11,3,3,3,225,26,9,28,"343,253",95,0,1,1,0,0,2,69,169,24,8,1
179,28,11,3,4,3,225,26,9,28,"343,253",95,0,1,1,0,0,2,69,169,24,16,1
180,3,13,3,4,3,179,51,18,38,"343,253",95,0,1,0,1,0,0,89,170,31,3,0
181,7,14,3,5,3,279,5,14,39,"343,253",95,0,1,2,1,1,0,68,168,24,16,1
182,28,28,3,6,3,225,26,9,28,"343,253",95,0,1,1,0,0,2,69,169,24,2,0
183,33,14,3,6,3,248,25,14,47,"343,253",95,0,1,2,0,0,1,86,165,32,3,0
184,28,28,3,2,3,225,26,9,28,"343,253",95,0,1,1,0,0,2,69,169,24,1,0
185,15,28,4,4,3,291,31,12,40,"326,452",96,0,1,1,1,0,1,73,171,25,1,0
186,28,23,4,4,3,225,26,9,28,"326,452",96,0,1,1,0,0,2,69,169,24,1,0
187,14,28,4,3,3,155,12,14,34,"326,452",96,0,1,2,1,0,0,95,196,25,1,0
188,24,13,4,4,3,246,25,16,41,"326,452",96,0,1,0,1,0,0,67,170,23,24,1
189,14,23,4,5,3,155,12,14,34,"326,452",96,0,1,2,1,0,0,95,196,25,1,0
190,28,28,4,6,3,225,26,9,28,"326,452",96,0,1,1,0,0,2,69,169,24,2,0
191,20,28,4,6,3,260,50,11,36,"326,452",96,0,1,4,1,0,0,65,168,23,4,0
192,3,13,4,4,3,179,51,18,38,"326,452",96,0,1,0,1,0,0,89,170,31,24,1
193,36,23,4,5,3,118,13,18,50,"326,452",96,0,1,1,1,0,0,98,178,31,1,0
194,15,23,4,6,3,291,31,12,40,"326,452",96,0,1,1,1,0,1,73,171,25,3,0
195,24,14,4,6,3,246,25,16,41,"326,452",96,0,1,0,1,0,0,67,170,23,8,1
196,15,28,4,6,3,291,31,12,40,"326,452",96,0,1,1,1,0,1,73,171,25,1,0
197,33,28,4,6,3,248,25,14,47,"326,452",96,0,1,2,0,0,1,86,165,32,8,1
198,20,19,4,6,3,260,50,11,36,"326,452",96,0,1,4,1,0,0,65,168,23,56,1
199,11,19,4,3,3,289,36,13,33,"326,452",96,0,1,2,1,0,1,90,172,30,8,1
200,14,12,4,4,3,155,12,14,34,"326,452",96,0,1,2,1,0,0,95,196,25,24,1
201,23,19,4,4,3,378,49,11,36,"326,452",96,0,1,2,0,1,4,65,174,21,8,1
202,11,13,4,5,3,289,36,13,33,"326,452",96,0,1,2,1,0,1,90,172,30,16,1
203,1,7,4,6,3,235,11,14,37,"326,452",96,0,3,1,0,0,1,88,172,29,3,0
204,2,0,4,2,3,235,29,12,48,"326,452",96,1,1,1,0,1,5,88,163,33,0,0
205,11,13,5,4,3,289,36,13,33,"378,884",92,0,1,2,1,0,1,90,172,30,8,1
206,14,28,5,5,3,155,12,14,34,"378,884",92,0,1,2,1,0,0,95,196,25,2,0
207,14,28,5,2,3,155,12,14,34,"378,884",92,0,1,2,1,0,0,95,196,25,1,0
208,3,18,5,3,3,179,51,18,38,"378,884",92,0,1,0,1,0,0,89,170,31,8,1
209,28,19,5,3,3,225,26,9,28,"378,884",92,0,1,1,0,0,2,69,169,24,8,1
210,27,7,5,4,3,184,42,7,27,"378,884",92,0,1,0,0,0,0,58,167,21,4,0
211,14,28,5,2,3,155,12,14,34,"378,884",92,0,1,2,1,0,0,95,196,25,2,0
212,3,12,5,3,3,179,51,18,38,"378,884",92,0,1,0,1,0,0,89,170,31,1,0
213,11,13,5,4,3,289,36,13,33,"378,884",92,0,1,2,1,0,1,90,172,30,24,1
214,7,0,5,4,3,279,5,14,39,"378,884",92,1,1,2,1,1,0,68,168,24,0,0
215,18,0,5,4,3,330,16,4,28,"378,884",92,1,2,0,0,0,0,84,182,25,0,0
216,23,0,5,4,3,378,49,11,36,"378,884",92,1,1,2,0,1,4,65,174,21,0,0
217,31,0,5,4,3,388,15,9,50,"378,884",92,1,1,0,0,0,0,76,178,24,0,0
218,3,11,5,3,3,179,51,18,38,"378,884",92,0,1,0,1,0,0,89,170,31,1,0
219,36,13,5,4,3,118,13,18,50,"378,884",92,0,1,1,1,0,0,98,178,31,24,1
220,10,22,5,6,3,361,52,3,28,"378,884",92,0,1,1,1,0,4,80,172,27,8,1
221,24,19,6,2,3,246,25,16,41,"377,550",94,0,1,0,1,0,0,67,170,23,8,1
222,10,22,6,2,3,361,52,3,28,"377,550",94,0,1,1,1,0,4,80,172,27,8,1
223,24,10,6,3,3,246,25,16,41,"377,550",94,0,1,0,1,0,0,67,170,23,24,1
224,15,23,6,5,3,291,31,12,40,"377,550",94,0,1,1,1,0,1,73,171,25,4,0
225,24,10,6,6,3,246,25,16,41,"377,550",94,0,1,0,1,0,0,67,170,23,8,1
226,3,11,6,2,3,179,51,18,38,"377,550",94,0,1,0,1,0,0,89,170,31,8,1
227,14,23,6,2,3,155,12,14,34,"377,550",94,0,1,2,1,0,0,95,196,25,4,0
228,24,10,6,2,3,246,25,16,41,"377,550",94,0,1,0,1,0,0,67,170,23,8,1
229,36,13,6,4,3,118,13,18,50,"377,550",94,0,1,1,1,0,0,98,178,31,8,1
230,1,13,6,6,3,235,11,14,37,"377,550",94,0,3,1,0,0,1,88,172,29,16,1
231,36,23,6,3,3,118,13,18,50,"377,550",94,0,1,1,1,0,0,98,178,31,1,0
232,36,13,6,4,3,118,13,18,50,"377,550",94,0,1,1,1,0,0,98,178,31,80,1
233,23,22,6,5,3,378,49,11,36,"377,550",94,0,1,2,0,1,4,65,174,21,8,1
234,3,11,6,6,3,179,51,18,38,"377,550",94,0,1,0,1,0,0,89,170,31,2,0
235,32,28,6,2,1,289,48,29,49,"377,550",94,0,1,0,0,0,2,108,172,36,2,0
236,28,28,6,5,1,225,26,9,28,"377,550",94,0,1,1,0,0,2,69,169,24,2,0
237,14,19,7,3,1,155,12,14,34,"275,312",98,0,1,2,1,0,0,95,196,25,16,1
238,36,1,7,4,1,118,13,18,50,"275,312",98,0,1,1,1,0,0,98,178,31,8,1
239,34,5,7,6,1,118,10,10,37,"275,312",98,0,1,0,0,0,0,83,172,28,8,1
240,34,26,7,6,1,118,10,10,37,"275,312",98,0,1,0,0,0,0,83,172,28,4,0
241,18,26,7,3,1,330,16,4,28,"275,312",98,0,2,0,0,0,0,84,182,25,8,1
242,22,18,7,5,1,179,26,9,30,"275,312",98,0,3,0,0,0,0,56,171,19,8,1
243,14,25,7,6,1,155,12,14,34,"275,312",98,0,1,2,1,0,0,95,196,25,2,0
244,18,1,7,2,1,330,16,4,28,"275,312",98,0,2,0,0,0,0,84,182,25,8,1
245,18,1,7,3,1,330,16,4,28,"275,312",98,0,2,0,0,0,0,84,182,25,8,1
246,30,25,7,2,1,157,27,6,29,"275,312",98,0,1,0,1,1,0,75,185,22,3,0
247,10,22,7,3,1,361,52,3,28,"275,312",98,0,1,1,1,0,4,80,172,27,8,1
248,11,26,7,4,1,289,36,13,33,"275,312",98,0,1,2,1,0,1,90,172,30,8,1
249,3,26,7,5,1,179,51,18,38,"275,312",98,0,1,0,1,0,0,89,170,31,8,1
250,11,19,7,2,1,289,36,13,33,"275,312",98,0,1,2,1,0,1,90,172,30,32,1
251,11,19,7,5,1,289,36,13,33,"275,312",98,0,1,2,1,0,1,90,172,30,8,1
252,20,0,7,5,1,260,50,11,36,"275,312",98,1,1,4,1,0,0,65,168,23,0,0
253,11,19,8,6,1,289,36,13,33,"265,615",94,0,1,2,1,0,1,90,172,30,8,1
254,30,19,8,6,1,157,27,6,29,"265,615",94,0,1,0,1,1,0,75,185,22,3,0
255,11,23,8,2,1,289,36,13,33,"265,615",94,0,1,2,1,0,1,90,172,30,1,0
256,9,18,8,3,1,228,14,16,58,"265,615",94,0,1,2,0,0,1,65,172,22,8,1
257,26,13,8,5,1,300,26,13,43,"265,615",94,0,1,2,1,1,1,77,175,25,1,0
258,26,14,8,5,1,300,26,13,43,"265,615",94,0,1,2,1,1,1,77,175,25,2,0
259,20,28,8,6,1,260,50,11,36,"265,615",94,0,1,4,1,0,0,65,168,23,4,0
260,11,23,8,3,1,289,36,13,33,"265,615",94,0,1,2,1,0,1,90,172,30,4,0
261,33,23,8,4,1,248,25,14,47,"265,615",94,0,1,2,0,0,1,86,165,32,1,0
262,21,11,8,5,1,268,11,8,33,"265,615",94,0,2,0,0,0,0,79,178,25,8,1
263,22,23,8,5,1,179,26,9,30,"265,615",94,0,3,0,0,0,0,56,171,19,1,0
264,36,13,8,5,1,118,13,18,50,"265,615",94,0,1,1,1,0,0,98,178,31,3,0
265,33,25,8,2,1,248,25,14,47,"265,615",94,0,1,2,0,0,1,86,165,32,2,0
266,1,23,8,3,1,235,11,14,37,"265,615",94,0,3,1,0,0,1,88,172,29,1,0
267,36,23,8,5,1,118,13,18,50,"265,615",94,0,1,1,1,0,0,98,178,31,1,0
268,1,19,8,5,1,235,11,14,37,"265,615",94,0,3,1,0,0,1,88,172,29,8,1
269,10,8,8,3,1,361,52,3,28,"265,615",94,0,1,1,1,0,4,80,172,27,8,1
270,27,6,8,4,1,184,42,7,27,"265,615",94,0,1,0,0,0,0,58,167,21,8,1
271,3,11,9,2,1,179,51,18,38,"294,217",81,0,1,0,1,0,0,89,170,31,8,1
272,3,23,9,6,1,179,51,18,38,"294,217",81,0,1,0,1,0,0,89,170,31,3,0
273,11,19,9,4,1,289,36,13,33,"294,217",81,0,1,2,1,0,1,90,172,30,24,1
274,5,0,9,5,1,235,20,13,43,"294,217",81,1,1,1,1,0,0,106,167,38,0,0
275,24,9,9,2,1,246,25,16,41,"294,217",81,0,1,0,1,0,0,67,170,23,16,1
276,15,28,9,3,1,291,31,12,40,"294,217",81,0,1,1,1,0,1,73,171,25,3,0
277,8,0,9,3,1,231,35,14,39,"294,217",81,1,1,2,1,0,2,100,170,35,0,0
278,19,0,9,3,1,291,50,12,32,"294,217",81,1,1,0,1,0,0,65,169,23,0,0
279,3,13,9,4,1,179,51,18,38,"294,217",81,0,1,0,1,0,0,89,170,31,8,1
280,24,9,9,4,1,246,25,16,41,"294,217",81,0,1,0,1,0,0,67,170,23,32,1
281,3,23,9,5,1,179,51,18,38,"294,217",81,0,1,0,1,0,0,89,170,31,1,0
282,15,28,9,6,1,291,31,12,40,"294,217",81,0,1,1,1,0,1,73,171,25,4,0
283,20,28,9,6,1,260,50,11,36,"294,217",81,0,1,4,1,0,0,65,168,23,4,0
284,5,26,9,4,4,235,20,13,43,"294,217",81,0,1,1,1,0,0,106,167,38,8,1
285,36,28,9,5,4,118,13,18,50,"294,217",81,0,1,1,1,0,0,98,178,31,1,0
286,5,0,9,5,4,235,20,13,43,"294,217",81,1,1,1,1,0,0,106,167,38,0,0
287,15,28,9,6,4,291,31,12,40,"294,217",81,0,1,1,1,0,1,73,171,25,3,0
288,15,7,9,2,4,291,31,12,40,"294,217",81,0,1,1,1,0,1,73,171,25,40,1
289,3,13,9,2,4,179,51,18,38,"294,217",81,0,1,0,1,0,0,89,170,31,8,1
290,11,24,10,2,4,289,36,13,33,"265,017",88,0,1,2,1,0,1,90,172,30,8,1
291,1,26,10,2,4,235,11,14,37,"265,017",88,0,3,1,0,0,1,88,172,29,4,0
292,11,26,10,2,4,289,36,13,33,"265,017",88,0,1,2,1,0,1,90,172,30,8,1
293,11,22,10,6,4,289,36,13,33,"265,017",88,0,1,2,1,0,1,90,172,30,8,1
294,36,0,10,6,4,118,13,18,50,"265,017",88,1,1,1,1,0,0,98,178,31,0,0
295,33,0,10,6,4,248,25,14,47,"265,017",88,1,1,2,0,0,1,86,165,32,0,0
296,22,1,10,2,4,179,26,9,30,"265,017",88,0,3,0,0,0,0,56,171,19,8,1
297,34,7,10,2,4,118,10,10,37,"265,017",88,0,1,0,0,0,0,83,172,28,3,0
298,13,22,10,2,4,369,17,12,31,"265,017",88,0,1,3,1,0,0,70,169,25,8,1
299,3,28,10,4,4,179,51,18,38,"265,017",88,0,1,0,1,0,0,89,170,31,1,0
300,22,1,10,4,4,179,26,9,30,"265,017",88,0,3,0,0,0,0,56,171,19,64,1
301,5,0,10,4,4,235,20,13,43,"265,017",88,1,1,1,1,0,0,106,167,38,0,0
302,11,19,10,5,4,289,36,13,33,"265,017",88,0,1,2,1,0,1,90,172,30,16,1
303,20,28,10,6,4,260,50,11,36,"265,017",88,0,1,4,1,0,0,65,168,23,3,0
304,5,0,10,6,4,235,20,13,43,"265,017",88,1,1,1,1,0,0,106,167,38,0,0
305,5,23,10,2,4,235,20,13,43,"265,017",88,0,1,1,1,0,0,106,167,38,2,0
306,5,23,10,2,4,235,20,13,43,"265,017",88,0,1,1,1,0,0,106,167,38,2,0
307,36,28,10,3,4,118,13,18,50,"265,017",88,0,1,1,1,0,0,98,178,31,1,0
308,15,28,10,3,4,291,31,12,40,"265,017",88,0,1,1,1,0,1,73,171,25,4,0
309,22,23,10,5,4,179,26,9,30,"265,017",88,0,3,0,0,0,0,56,171,19,16,1
310,36,28,10,5,4,118,13,18,50,"265,017",88,0,1,1,1,0,0,98,178,31,1,0
311,10,10,10,2,4,361,52,3,28,"265,017",88,0,1,1,1,0,4,80,172,27,8,1
312,20,0,10,3,4,260,50,11,36,"265,017",88,1,1,4,1,0,0,65,168,23,0,0
313,15,0,10,3,4,291,31,12,40,"265,017",88,1,1,1,1,0,1,73,171,25,0,0
314,30,0,10,3,4,157,27,6,29,"265,017",88,1,1,0,1,1,0,75,185,22,0,0
315,22,1,10,4,4,179,26,9,30,"265,017",88,0,3,0,0,0,0,56,171,19,5,0
316,22,7,10,4,4,179,26,9,30,"265,017",88,0,3,0,0,0,0,56,171,19,5,0
317,36,23,10,5,4,118,13,18,50,"265,017",88,0,1,1,1,0,0,98,178,31,1,0
318,34,11,11,2,4,118,10,10,37,"284,031",97,0,1,0,0,0,0,83,172,28,8,1
319,33,23,11,2,4,248,25,14,47,"284,031",97,0,1,2,0,0,1,86,165,32,2,0
320,3,6,11,3,4,179,51,18,38,"284,031",97,0,1,0,1,0,0,89,170,31,8,1
321,20,28,11,6,4,260,50,11,36,"284,031",97,0,1,4,1,0,0,65,168,23,3,0
322,15,23,11,2,4,291,31,12,40,"284,031",97,0,1,1,1,0,1,73,171,25,1,0
323,23,1,11,2,4,378,49,11,36,"284,031",97,0,1,2,0,1,4,65,174,21,8,1
324,14,11,11,2,4,155,12,14,34,"284,031",97,0,1,2,1,0,0,95,196,25,120,1
325,5,26,11,2,4,235,20,13,43,"284,031",97,0,1,1,1,0,0,106,167,38,8,1
326,18,0,11,3,4,330,16,4,28,"284,031",97,1,2,0,0,0,0,84,182,25,0,0
327,1,18,11,4,4,235,11,14,37,"284,031",97,0,3,1,0,0,1,88,172,29,1,0
328,34,11,11,4,4,118,10,10,37,"284,031",97,0,1,0,0,0,0,83,172,28,3,0
329,1,25,11,5,4,235,11,14,37,"284,031",97,0,3,1,0,0,1,88,172,29,2,0
330,3,28,11,5,4,179,51,18,38,"284,031",97,0,1,0,1,0,0,89,170,31,3,0
331,24,13,11,6,4,246,25,16,41,"284,031",97,0,1,0,1,0,0,67,170,23,8,1
332,15,12,11,6,4,291,31,12,40,"284,031",97,0,1,1,1,0,1,73,171,25,4,0
333,24,13,11,2,4,246,25,16,41,"284,031",97,0,1,0,1,0,0,67,170,23,8,1
334,3,28,11,3,4,179,51,18,38,"284,031",97,0,1,0,1,0,0,89,170,31,1,0
335,20,10,11,4,4,260,50,11,36,"284,031",97,0,1,4,1,0,0,65,168,23,8,1
336,20,15,11,6,4,260,50,11,36,"284,031",97,0,1,4,1,0,0,65,168,23,8,1
337,23,0,11,6,4,378,49,11,36,"284,031",97,1,1,2,0,1,4,65,174,21,0,0
338,7,0,11,3,4,279,5,14,39,"284,031",97,1,1,2,1,1,0,68,168,24,0,0
339,3,23,11,5,4,179,51,18,38,"284,031",97,0,1,0,1,0,0,89,170,31,1,0
340,28,12,12,2,4,225,26,9,28,"236,629",93,0,1,1,0,0,2,69,169,24,3,0
341,3,28,12,2,4,179,51,18,38,"236,629",93,0,1,0,1,0,0,89,170,31,2,0
342,3,28,12,2,4,179,51,18,38,"236,629",93,0,1,0,1,0,0,89,170,31,1,0
343,1,23,12,2,4,235,11,14,37,"236,629",93,0,3,1,0,0,1,88,172,29,3,0
344,36,28,12,3,4,118,13,18,50,"236,629",93,0,1,1,1,0,0,98,178,31,1,0
345,20,28,12,6,4,260,50,11,36,"236,629",93,0,1,4,1,0,0,65,168,23,4,0
346,24,4,12,5,4,246,25,16,41,"236,629",93,0,1,0,1,0,0,67,170,23,8,1
347,3,28,12,5,4,179,51,18,38,"236,629",93,0,1,0,1,0,0,89,170,31,1,0
348,3,28,12,6,4,179,51,18,38,"236,629",93,0,1,0,1,0,0,89,170,31,1,0
349,22,23,12,3,4,179,26,9,30,"236,629",93,0,3,0,0,0,0,56,171,19,1,0
350,34,25,12,3,4,118,10,10,37,"236,629",93,0,1,0,0,0,0,83,172,28,8,1
351,1,25,12,5,4,235,11,14,37,"236,629",93,0,3,1,0,0,1,88,172,29,2,0
352,3,28,12,6,4,179,51,18,38,"236,629",93,0,1,0,1,0,0,89,170,31,1,0
353,5,13,12,3,2,235,20,13,43,"236,629",93,0,1,1,1,0,0,106,167,38,8,1
354,1,14,12,3,2,235,11,14,37,"236,629",93,0,3,1,0,0,1,88,172,29,4,0
355,20,26,12,4,2,260,50,11,36,"236,629",93,0,1,4,1,0,0,65,168,23,8,1
356,30,28,12,2,2,157,27,6,29,"236,629",93,0,1,0,1,1,0,75,185,22,2,0
357,3,28,12,2,2,179,51,18,38,"236,629",93,0,1,0,1,0,0,89,170,31,3,0
358,11,19,12,2,2,289,36,13,33,"236,629",93,0,1,2,1,0,1,90,172,30,8,1
359,28,23,1,4,2,225,26,9,28,"330,061",100,0,1,1,0,0,2,69,169,24,5,0
360,34,19,1,2,2,118,10,10,37,"330,061",100,0,1,0,0,0,0,83,172,28,32,1
361,14,23,1,2,2,155,12,14,34,"330,061",100,0,1,2,1,0,0,95,196,25,2,0
362,1,13,1,3,2,235,11,14,37,"330,061",100,0,3,1,0,0,1,88,172,29,1,0
363,14,23,1,3,2,155,12,14,34,"330,061",100,0,1,2,1,0,0,95,196,25,4,0
364,11,26,1,2,2,289,36,13,33,"330,061",100,0,1,2,1,0,1,90,172,30,8,1
365,15,3,1,4,2,291,31,12,40,"330,061",100,0,1,1,1,0,1,73,171,25,8,1
366,5,26,1,2,2,235,20,13,43,"330,061",100,0,1,1,1,0,0,106,167,38,8,1
367,36,26,1,2,2,118,13,18,50,"330,061",100,0,1,1,1,0,0,98,178,31,4,0
368,3,28,1,4,2,179,51,18,38,"330,061",100,0,1,0,1,0,0,89,170,31,1,0
369,3,28,1,6,2,179,51,18,38,"330,061",100,0,1,0,1,0,0,89,170,31,1,0
370,34,28,2,3,2,118,10,10,37,"251,818",96,0,1,0,0,0,0,83,172,28,2,0
371,3,27,2,4,2,179,51,18,38,"251,818",96,0,1,0,1,0,0,89,170,31,3,0
372,28,7,2,4,2,225,26,9,28,"251,818",96,0,1,1,0,0,2,69,169,24,1,0
373,11,22,2,6,2,289,36,13,33,"251,818",96,0,1,2,1,0,1,90,172,30,3,0
374,20,28,2,6,2,260,50,11,36,"251,818",96,0,1,4,1,0,0,65,168,23,3,0
375,3,23,2,6,2,179,51,18,38,"251,818",96,0,1,0,1,0,0,89,170,31,3,0
376,3,27,2,2,2,179,51,18,38,"251,818",96,0,1,0,1,0,0,89,170,31,2,0
377,3,27,2,4,2,179,51,18,38,"251,818",96,0,1,0,1,0,0,89,170,31,3,0
378,3,10,2,5,2,179,51,18,38,"251,818",96,0,1,0,1,0,0,89,170,31,8,1
379,24,26,2,5,2,246,25,16,41,"251,818",96,0,1,0,1,0,0,67,170,23,8,1
380,3,27,2,6,2,179,51,18,38,"251,818",96,0,1,0,1,0,0,89,170,31,3,0
381,6,22,2,2,2,189,29,13,33,"251,818",96,0,1,2,0,0,2,69,167,25,8,1
382,3,27,2,2,2,179,51,18,38,"251,818",96,0,1,0,1,0,0,89,170,31,3,0
383,24,23,2,3,2,246,25,16,41,"251,818",96,0,1,0,1,0,0,67,170,23,2,0
384,15,23,2,3,2,291,31,12,40,"251,818",96,0,1,1,1,0,1,73,171,25,2,0
385,30,11,2,4,2,157,27,6,29,"251,818",96,0,1,0,1,1,0,75,185,22,16,1
386,3,27,2,4,2,179,51,18,38,"251,818",96,0,1,0,1,0,0,89,170,31,3,0
387,3,27,2,6,2,179,51,18,38,"251,818",96,0,1,0,1,0,0,89,170,31,3,0
388,24,10,2,6,2,246,25,16,41,"251,818",96,0,1,0,1,0,0,67,170,23,24,1
389,3,27,2,4,2,179,51,18,38,"251,818",96,0,1,0,1,0,0,89,170,31,3,0
390,3,27,2,6,2,179,51,18,38,"251,818",96,0,1,0,1,0,0,89,170,31,3,0
391,34,18,3,3,2,118,10,10,37,"244,387",98,0,1,0,0,0,0,83,172,28,8,1
392,24,19,3,4,2,246,25,16,41,"244,387",98,0,1,0,1,0,0,67,170,23,16,1
393,24,28,3,6,2,246,25,16,41,"244,387",98,0,1,0,1,0,0,67,170,23,2,0
394,20,28,3,6,2,260,50,11,36,"244,387",98,0,1,4,1,0,0,65,168,23,4,0
395,3,28,3,2,2,179,51,18,38,"244,387",98,0,1,0,1,0,0,89,170,31,2,0
396,1,22,3,2,2,235,11,14,37,"244,387",98,0,3,1,0,0,1,88,172,29,8,1
397,17,22,3,3,2,179,22,17,40,"244,387",98,0,2,2,0,1,0,63,170,22,8,1
398,23,22,3,3,2,378,49,11,36,"244,387",98,0,1,2,0,1,4,65,174,21,8,1
399,3,28,3,2,2,179,51,18,38,"244,387",98,0,1,0,1,0,0,89,170,31,16,1
400,10,22,3,4,2,361,52,3,28,"244,387",98,0,1,1,1,0,4,80,172,27,8,1
401,13,0,3,4,2,369,17,12,31,"244,387",98,1,1,3,1,0,0,70,169,25,0,0
402,1,21,3,5,2,235,11,14,37,"244,387",98,0,3,1,0,0,1,88,172,29,8,1
403,36,23,3,6,3,118,13,18,50,"244,387",98,0,1,1,1,0,0,98,178,31,2,0
404,36,14,3,3,3,118,13,18,50,"244,387",98,0,1,1,1,0,0,98,178,31,3,0
405,36,13,3,4,3,118,13,18,50,"244,387",98,0,1,1,1,0,0,98,178,31,8,1
406,1,0,3,5,3,235,11,14,37,"244,387",98,1,3,1,0,0,1,88,172,29,0,0
407,24,0,3,5,3,246,25,16,41,"244,387",98,1,1,0,1,0,0,67,170,23,0,0
408,36,0,3,5,3,118,13,18,50,"244,387",98,1,1,1,1,0,0,98,178,31,0,0
409,3,28,3,6,3,179,51,18,38,"244,387",98,0,1,0,1,0,0,89,170,31,8,1
410,11,22,3,6,3,289,36,13,33,"244,387",98,0,1,2,1,0,1,90,172,30,8,1
411,20,19,3,2,3,260,50,11,36,"244,387",98,0,1,4,1,0,0,65,168,23,8,1
412,24,28,3,3,3,246,25,16,41,"244,387",98,0,1,0,1,0,0,67,170,23,2,0
413,3,28,4,4,3,179,51,18,38,"239,409",98,0,1,0,1,0,0,89,170,31,4,0
414,20,28,4,6,3,260,50,11,36,"239,409",98,0,1,4,1,0,0,65,168,23,3,0
415,18,26,4,6,3,330,16,4,28,"239,409",98,0,2,0,0,0,0,84,182,25,4,0
416,13,22,4,2,3,369,17,12,31,"239,409",98,0,1,3,1,0,0,70,169,25,4,0
417,33,26,4,2,3,248,25,14,47,"239,409",98,0,1,2,0,0,1,86,165,32,4,0
418,18,23,4,4,3,330,16,4,28,"239,409",98,0,2,0,0,0,0,84,182,25,8,1
419,3,28,4,4,3,179,51,18,38,"239,409",98,0,1,0,1,0,0,89,170,31,8,1
420,36,23,4,2,3,118,13,18,50,"239,409",98,0,1,1,1,0,0,98,178,31,1,0
421,36,13,4,4,3,118,13,18,50,"239,409",98,0,1,1,1,0,0,98,178,31,120,1
422,26,28,4,6,3,300,26,13,43,"239,409",98,0,1,2,1,1,1,77,175,25,8,1
423,20,28,4,6,3,260,50,11,36,"239,409",98,0,1,4,1,0,0,65,168,23,4,0
424,3,28,4,2,3,179,51,18,38,"239,409",98,0,1,0,1,0,0,89,170,31,4,0
425,34,11,4,4,3,118,10,10,37,"239,409",98,0,1,0,0,0,0,83,172,28,2,0
426,5,13,5,2,3,235,20,13,43,"246,074",99,0,1,1,1,0,0,106,167,38,16,1
427,33,23,5,4,3,248,25,14,47,"246,074",99,0,1,2,0,0,1,86,165,32,2,0
428,13,10,5,2,3,369,17,12,31,"246,074",99,0,1,3,1,0,0,70,169,25,8,1
429,22,23,5,4,3,179,26,9,30,"246,074",99,0,3,0,0,0,0,56,171,19,3,0
430,3,28,5,4,3,179,51,18,38,"246,074",99,0,1,0,1,0,0,89,170,31,4,0
431,10,23,5,5,3,361,52,3,28,"246,074",99,0,1,1,1,0,4,80,172,27,1,0
432,20,28,5,6,3,260,50,11,36,"246,074",99,0,1,4,1,0,0,65,168,23,3,0
433,17,11,5,2,3,179,22,17,40,"246,074",99,0,2,2,0,1,0,63,170,22,2,0
434,17,8,5,2,3,179,22,17,40,"246,074",99,0,2,2,0,1,0,63,170,22,3,0
435,9,18,5,4,3,228,14,16,58,"246,074",99,0,1,2,0,0,1,65,172,22,8,1
436,28,25,5,4,3,225,26,9,28,"246,074",99,0,1,1,0,0,2,69,169,24,3,0
437,18,13,5,6,3,330,16,4,28,"246,074",99,0,2,0,0,0,0,84,182,25,8,1
438,22,25,5,2,3,179,26,9,30,"246,074",99,0,3,0,0,0,0,56,171,19,2,0
439,34,28,5,2,3,118,10,10,37,"246,074",99,0,1,0,0,0,0,83,172,28,1,0
440,1,1,5,2,3,235,11,14,37,"246,074",99,0,3,1,0,0,1,88,172,29,8,1
441,22,23,5,4,3,179,26,9,30,"246,074",99,0,3,0,0,0,0,56,171,19,3,0
442,34,23,6,2,3,118,10,10,37,"253,957",95,0,1,0,0,0,0,83,172,28,3,0
443,3,28,6,2,3,179,51,18,38,"253,957",95,0,1,0,1,0,0,89,170,31,3,0
444,34,28,6,3,3,118,10,10,37,"253,957",95,0,1,0,0,0,0,83,172,28,2,0
445,28,23,6,5,3,225,26,9,28,"253,957",95,0,1,1,0,0,2,69,169,24,4,0
446,20,28,6,6,3,260,50,11,36,"253,957",95,0,1,4,1,0,0,65,168,23,4,0
447,3,0,6,6,3,179,51,18,38,"253,957",95,1,1,0,1,0,0,89,170,31,0,0
448,15,13,6,2,3,291,31,12,40,"253,957",95,0,1,1,1,0,1,73,171,25,40,1
449,3,28,6,2,3,179,51,18,38,"253,957",95,0,1,0,1,0,0,89,170,31,24,1
450,24,28,6,3,3,246,25,16,41,"253,957",95,0,1,0,1,0,0,67,170,23,3,0
451,3,28,6,2,3,179,51,18,38,"253,957",95,0,1,0,1,0,0,89,170,31,4,0
452,5,26,6,3,3,235,20,13,43,"253,957",95,0,1,1,1,0,0,106,167,38,8,1
453,3,28,6,2,1,179,51,18,38,"253,957",95,0,1,0,1,0,0,89,170,31,2,0
454,28,23,6,4,1,225,26,9,28,"253,957",95,0,1,1,0,0,2,69,169,24,2,0
455,36,23,6,4,1,118,13,18,50,"253,957",95,0,1,1,1,0,0,98,178,31,2,0
456,3,5,6,4,1,179,51,18,38,"253,957",95,0,1,0,1,0,0,89,170,31,8,1
457,22,21,6,4,1,179,26,9,30,"253,957",95,0,3,0,0,0,0,56,171,19,2,0
458,24,28,6,6,1,246,25,16,41,"253,957",95,0,1,0,1,0,0,67,170,23,2,0
459,18,11,6,3,1,330,16,4,28,"253,957",95,0,2,0,0,0,0,84,182,25,1,0
460,1,13,6,3,1,235,11,14,37,"253,957",95,0,3,1,0,0,1,88,172,29,8,1
461,22,23,7,5,1,179,26,9,30,"230,290",92,0,3,0,0,0,0,56,171,19,2,0
462,28,25,7,5,1,225,26,9,28,"230,290",92,0,1,1,0,0,2,69,169,24,4,0
463,20,13,7,6,1,260,50,11,36,"230,290",92,0,1,4,1,0,0,65,168,23,8,1
464,21,7,7,2,1,268,11,8,33,"230,290",92,0,2,0,0,0,0,79,178,25,8,1
465,18,25,7,6,1,330,16,4,28,"230,290",92,0,2,0,0,0,0,84,182,25,8,1
466,34,26,7,6,1,118,10,10,37,"230,290",92,0,1,0,0,0,0,83,172,28,8,1
467,20,26,7,2,1,260,50,11,36,"230,290",92,0,1,4,1,0,0,65,168,23,4,0
468,34,28,7,3,1,118,10,10,37,"230,290",92,0,1,0,0,0,0,83,172,28,8,1
469,26,15,7,2,1,300,26,13,43,"230,290",92,0,1,2,1,1,1,77,175,25,8,1
470,2,23,7,2,1,235,29,12,48,"230,290",92,0,1,1,0,1,5,88,163,33,1,0
471,24,28,7,3,1,246,25,16,41,"230,290",92,0,1,0,1,0,0,67,170,23,2,0
472,28,9,7,3,1,225,26,9,28,"230,290",92,0,1,1,0,0,2,69,169,24,112,1
473,3,28,7,3,1,179,51,18,38,"230,290",92,0,1,0,1,0,0,89,170,31,1,0
474,36,23,7,6,1,118,13,18,50,"230,290",92,0,1,1,1,0,0,98,178,31,1,0
475,10,22,7,6,1,361,52,3,28,"230,290",92,0,1,1,1,0,4,80,172,27,8,1
476,11,22,7,2,1,289,36,13,33,"230,290",92,0,1,2,1,0,1,90,172,30,8,1
477,5,26,7,2,1,235,20,13,43,"230,290",92,0,1,1,1,0,0,106,167,38,8,1
478,24,28,7,3,1,246,25,16,41,"230,290",92,0,1,0,1,0,0,67,170,23,2,0
479,15,28,7,5,1,291,31,12,40,"230,290",92,0,1,1,1,0,1,73,171,25,1,0
480,7,23,7,5,1,279,5,14,39,"230,290",92,0,1,2,1,1,0,68,168,24,2,0
481,3,25,8,5,1,179,51,18,38,"249,797",93,0,1,0,1,0,0,89,170,31,4,0
482,17,25,8,2,1,179,22,17,40,"249,797",93,0,2,2,0,1,0,63,170,22,1,0
483,24,28,8,3,1,246,25,16,41,"249,797",93,0,1,0,1,0,0,67,170,23,4,0
484,34,28,8,3,1,118,10,10,37,"249,797",93,0,1,0,0,0,0,83,172,28,4,0
485,11,26,8,3,1,289,36,13,33,"249,797",93,0,1,2,1,0,1,90,172,30,8,1
486,5,26,8,3,1,235,20,13,43,"249,797",93,0,1,1,1,0,0,106,167,38,8,1
487,15,28,8,5,1,291,31,12,40,"249,797",93,0,1,1,1,0,1,73,171,25,4,0
488,3,25,8,2,1,179,51,18,38,"249,797",93,0,1,0,1,0,0,89,170,31,4,0
489,17,25,8,3,1,179,22,17,40,"249,797",93,0,2,2,0,1,0,63,170,22,8,1
490,18,23,8,5,1,330,16,4,28,"249,797",93,0,2,0,0,0,0,84,182,25,16,1
491,1,23,8,3,1,235,11,14,37,"249,797",93,0,3,1,0,0,1,88,172,29,4,0
492,24,28,8,3,1,246,25,16,41,"249,797",93,0,1,0,1,0,0,67,170,23,1,0
493,34,28,8,3,1,118,10,10,37,"249,797",93,0,1,0,0,0,0,83,172,28,5,0
494,15,28,8,5,1,291,31,12,40,"249,797",93,0,1,1,1,0,1,73,171,25,2,0
495,20,28,8,2,1,260,50,11,36,"249,797",93,0,1,4,1,0,0,65,168,23,3,0
496,24,28,9,3,1,246,25,16,41,"261,756",87,0,1,0,1,0,0,67,170,23,1,0
497,24,28,9,3,1,246,25,16,41,"261,756",87,0,1,0,1,0,0,67,170,23,1,0
498,34,28,9,3,1,118,10,10,37,"261,756",87,0,1,0,0,0,0,83,172,28,3,0
499,14,23,9,3,1,155,12,14,34,"261,756",87,0,1,2,1,0,0,95,196,25,2,0
500,15,28,9,5,1,291,31,12,40,"261,756",87,0,1,1,1,0,1,73,171,25,2,0
501,22,23,9,6,1,179,26,9,30,"261,756",87,0,3,0,0,0,0,56,171,19,8,1
502,33,23,9,6,1,248,25,14,47,"261,756",87,0,1,2,0,0,1,86,165,32,1,0
503,3,23,9,2,1,179,51,18,38,"261,756",87,0,1,0,1,0,0,89,170,31,4,0
504,28,23,9,4,1,225,26,9,28,"261,756",87,0,1,1,0,0,2,69,169,24,1,0
505,22,23,9,2,1,179,26,9,30,"261,756",87,0,3,0,0,0,0,56,171,19,2,0
506,13,23,9,3,4,369,17,12,31,"261,756",87,0,1,3,1,0,0,70,169,25,8,1
507,10,22,9,3,4,361,52,3,28,"261,756",87,0,1,1,1,0,4,80,172,27,8,1
508,32,4,10,5,4,289,48,29,49,"284,853",91,0,1,0,0,0,2,108,172,36,1,0
509,25,11,10,5,4,235,16,8,32,"284,853",91,0,3,0,0,0,0,75,178,25,3,0
510,24,26,10,6,4,246,25,16,41,"284,853",91,0,1,0,1,0,0,67,170,23,8,1
511,32,14,10,4,4,289,48,29,49,"284,853",91,0,1,0,0,0,2,108,172,36,3,0
512,15,28,10,4,4,291,31,12,40,"284,853",91,0,1,1,1,0,1,73,171,25,2,0
513,34,23,10,3,4,118,10,10,37,"284,853",91,0,1,0,0,0,0,83,172,28,2,0
514,32,23,10,5,4,289,48,29,49,"284,853",91,0,1,0,0,0,2,108,172,36,2,0
515,15,23,10,6,4,291,31,12,40,"284,853",91,0,1,1,1,0,1,73,171,25,1,0
516,28,23,10,3,4,225,26,9,28,"284,853",91,0,1,1,0,0,2,69,169,24,2,0
517,13,23,10,3,4,369,17,12,31,"284,853",91,0,1,3,1,0,0,70,169,25,8,1
518,13,23,10,3,4,369,17,12,31,"284,853",91,0,1,3,1,0,0,70,169,25,3,0
519,28,23,10,3,4,225,26,9,28,"284,853",91,0,1,1,0,0,2,69,169,24,4,0
520,13,26,10,3,4,369,17,12,31,"284,853",91,0,1,3,1,0,0,70,169,25,8,1
521,3,28,10,4,4,179,51,18,38,"284,853",91,0,1,0,1,0,0,89,170,31,3,0
522,9,1,10,4,4,228,14,16,58,"284,853",91,0,1,2,0,0,1,65,172,22,1,0
523,15,23,10,4,4,291,31,12,40,"284,853",91,0,1,1,1,0,1,73,171,25,1,0
524,13,10,10,5,4,369,17,12,31,"284,853",91,0,1,3,1,0,0,70,169,25,8,1
525,28,13,10,5,4,225,26,9,28,"284,853",91,0,1,1,0,0,2,69,169,24,1,0
526,13,10,10,6,4,369,17,12,31,"284,853",91,0,1,3,1,0,0,70,169,25,8,1
527,28,10,10,6,4,225,26,9,28,"284,853",91,0,1,1,0,0,2,69,169,24,3,0
528,6,23,10,2,4,189,29,13,33,"284,853",91,0,1,2,0,0,2,69,167,25,8,1
529,25,6,10,2,4,235,16,8,32,"284,853",91,0,3,0,0,0,0,75,178,25,8,1
530,33,10,10,2,4,248,25,14,47,"284,853",91,0,1,2,0,0,1,86,165,32,8,1
531,28,0,10,2,4,225,26,9,28,"284,853",91,1,1,1,0,0,2,69,169,24,0,0
532,28,13,10,3,4,225,26,9,28,"284,853",91,0,1,1,0,0,2,69,169,24,3,0
533,3,21,11,3,4,179,51,18,38,"268,519",93,0,1,0,1,0,0,89,170,31,1,0
534,34,28,11,4,4,118,10,10,37,"268,519",93,0,1,0,0,0,0,83,172,28,3,0
535,18,2,11,4,4,330,16,4,28,"268,519",93,0,2,0,0,0,0,84,182,25,24,1
536,3,28,11,6,4,179,51,18,38,"268,519",93,0,1,0,1,0,0,89,170,31,1,0
537,34,9,11,3,4,118,10,10,37,"268,519",93,0,1,0,0,0,0,83,172,28,8,1
538,11,24,11,4,4,289,36,13,33,"268,519",93,0,1,2,1,0,1,90,172,30,8,1
539,25,1,11,6,4,235,16,8,32,"268,519",93,0,3,0,0,0,0,75,178,25,8,1
540,28,23,11,6,4,225,26,9,28,"268,519",93,0,1,1,0,0,2,69,169,24,4,0
541,10,22,11,3,4,361,52,3,28,"268,519",93,0,1,1,1,0,4,80,172,27,8,1
542,15,28,11,4,4,291,31,12,40,"268,519",93,0,1,1,1,0,1,73,171,25,2,0
543,34,13,11,5,4,118,10,10,37,"268,519",93,0,1,0,0,0,0,83,172,28,2,0
544,28,14,11,5,4,225,26,9,28,"268,519",93,0,1,1,0,0,2,69,169,24,3,0
545,3,28,11,2,4,179,51,18,38,"268,519",93,0,1,0,1,0,0,89,170,31,1,0
546,34,23,11,2,4,118,10,10,37,"268,519",93,0,1,0,0,0,0,83,172,28,8,1
547,34,8,11,3,4,118,10,10,37,"268,519",93,0,1,0,0,0,0,83,172,28,8,1
548,28,23,11,3,4,225,26,9,28,"268,519",93,0,1,1,0,0,2,69,169,24,2,0
549,15,0,11,3,4,291,31,12,40,"268,519",93,1,1,1,1,0,1,73,171,25,0,0
550,11,0,11,4,4,289,36,13,33,"268,519",93,1,1,2,1,0,1,90,172,30,0,0
551,33,14,11,5,4,248,25,14,47,"268,519",93,0,1,2,0,0,1,86,165,32,4,0
552,5,0,11,5,4,235,20,13,43,"268,519",93,1,1,1,1,0,0,106,167,38,0,0
553,28,23,11,6,4,225,26,9,28,"268,519",93,0,1,1,0,0,2,69,169,24,2,0
554,13,26,11,6,4,369,17,12,31,"268,519",93,0,1,3,1,0,0,70,169,25,8,1
555,10,28,11,2,4,361,52,3,28,"268,519",93,0,1,1,1,0,4,80,172,27,2,0
556,3,13,12,3,4,179,51,18,38,"280,549",98,0,1,0,1,0,0,89,170,31,32,1
557,15,28,12,4,4,291,31,12,40,"280,549",98,0,1,1,1,0,1,73,171,25,1,0
558,28,23,12,4,4,225,26,9,28,"280,549",98,0,1,1,0,0,2,69,169,24,3,0
559,22,13,12,6,4,179,26,9,30,"280,549",98,0,3,0,0,0,0,56,171,19,1,0
560,28,23,12,6,4,225,26,9,28,"280,549",98,0,1,1,0,0,2,69,169,24,3,0
561,28,23,12,4,4,225,26,9,28,"280,549",98,0,1,1,0,0,2,69,169,24,3,0
562,10,14,12,5,4,361,52,3,28,"280,549",98,0,1,1,1,0,4,80,172,27,4,0
563,17,18,12,6,4,179,22,17,40,"280,549",98,0,2,2,0,1,0,63,170,22,2,0
564,5,26,12,6,4,235,20,13,43,"280,549",98,0,1,1,1,0,0,106,167,38,8,1
565,12,18,12,2,4,233,51,1,31,"280,549",98,0,2,1,1,0,8,68,178,21,8,1
566,22,13,12,3,4,179,26,9,30,"280,549",98,0,3,0,0,0,0,56,171,19,16,1
567,28,23,12,3,4,225,26,9,28,"280,549",98,0,1,1,0,0,2,69,169,24,2,0
568,28,23,12,5,4,225,26,9,28,"280,549",98,0,1,1,0,0,2,69,169,24,3,0
569,28,23,12,2,4,225,26,9,28,"280,549",98,0,1,1,0,0,2,69,169,24,2,0
570,14,18,12,3,2,155,12,14,34,"280,549",98,0,1,2,1,0,0,95,196,25,80,1
571,22,12,1,2,2,179,26,9,30,"313,532",96,0,3,0,0,0,0,56,171,19,24,1
572,22,12,1,5,2,179,26,9,30,"313,532",96,0,3,0,0,0,0,56,171,19,16,1
573,17,25,1,5,2,179,22,17,40,"313,532",96,0,2,2,0,1,0,63,170,22,2,0
574,17,25,1,6,2,179,22,17,40,"313,532",96,0,2,2,0,1,0,63,170,22,2,0
575,22,13,1,2,2,179,26,9,30,"313,532",96,0,3,0,0,0,0,56,171,19,3,0
576,17,25,1,4,2,179,22,17,40,"313,532",96,0,2,2,0,1,0,63,170,22,2,0
577,32,10,1,5,2,289,48,29,49,"313,532",96,0,1,0,0,0,2,108,172,36,8,1
578,17,18,1,6,2,179,22,17,40,"313,532",96,0,2,2,0,1,0,63,170,22,3,0
579,22,27,1,2,2,179,26,9,30,"313,532",96,0,3,0,0,0,0,56,171,19,2,0
580,14,18,1,3,2,155,12,14,34,"313,532",96,0,1,2,1,0,0,95,196,25,8,1
581,22,27,1,4,2,179,26,9,30,"313,532",96,0,3,0,0,0,0,56,171,19,2,0
582,3,27,1,4,2,179,51,18,38,"313,532",96,0,1,0,1,0,0,89,170,31,3,0
583,11,13,1,4,2,289,36,13,33,"313,532",96,0,1,2,1,0,1,90,172,30,8,1
584,3,27,1,5,2,179,51,18,38,"313,532",96,0,1,0,1,0,0,89,170,31,3,0
585,3,27,1,6,2,179,51,18,38,"313,532",96,0,1,0,1,0,0,89,170,31,2,0
586,3,13,2,3,2,179,51,18,38,"264,249",97,0,1,0,1,0,0,89,170,31,8,1
587,28,23,2,3,2,225,26,9,28,"264,249",97,0,1,1,0,0,2,69,169,24,3,0
588,33,1,2,4,2,248,25,14,47,"264,249",97,0,1,2,0,0,1,86,165,32,8,1
589,3,27,2,4,2,179,51,18,38,"264,249",97,0,1,0,1,0,0,89,170,31,2,0
590,28,28,2,5,2,225,26,9,28,"264,249",97,0,1,1,0,0,2,69,169,24,3,0
591,3,27,2,5,2,179,51,18,38,"264,249",97,0,1,0,1,0,0,89,170,31,2,0
592,22,27,2,5,2,179,26,9,30,"264,249",97,0,3,0,0,0,0,56,171,19,2,0
593,29,28,2,6,2,225,15,15,41,"264,249",97,0,4,2,1,0,2,94,182,28,2,0
594,3,27,2,6,2,179,51,18,38,"264,249",97,0,1,0,1,0,0,89,170,31,2,0
595,12,19,2,2,2,233,51,1,31,"264,249",97,0,2,1,1,0,8,68,178,21,2,0
596,3,27,2,2,2,179,51,18,38,"264,249",97,0,1,0,1,0,0,89,170,31,2,0
597,28,7,2,3,2,225,26,9,28,"264,249",97,0,1,1,0,0,2,69,169,24,8,1
598,3,27,2,4,2,179,51,18,38,"264,249",97,0,1,0,1,0,0,89,170,31,3,0
599,3,27,2,5,2,179,51,18,38,"264,249",97,0,1,0,1,0,0,89,170,31,3,0
600,28,25,2,5,2,225,26,9,28,"264,249",97,0,1,1,0,0,2,69,169,24,3,0
601,22,13,2,5,2,179,26,9,30,"264,249",97,0,3,0,0,0,0,56,171,19,2,0
602,17,23,2,6,2,179,22,17,40,"264,249",97,0,2,2,0,1,0,63,170,22,2,0
603,3,27,2,6,2,179,51,18,38,"264,249",97,0,1,0,1,0,0,89,170,31,3,0
604,12,12,2,4,2,233,51,1,31,"264,249",97,0,2,1,1,0,8,68,178,21,3,0
605,22,27,2,4,2,179,26,9,30,"264,249",97,0,3,0,0,0,0,56,171,19,2,0
606,3,27,2,4,2,179,51,18,38,"264,249",97,0,1,0,1,0,0,89,170,31,2,0
607,3,13,2,5,2,179,51,18,38,"264,249",97,0,1,0,1,0,0,89,170,31,8,1
608,3,27,2,6,2,179,51,18,38,"264,249",97,0,1,0,1,0,0,89,170,31,2,0
609,14,25,2,2,2,155,12,14,34,"264,249",97,0,1,2,1,0,0,95,196,25,5,0
610,25,25,2,2,2,235,16,8,32,"264,249",97,0,3,0,0,0,0,75,178,25,3,0
611,3,27,2,2,2,179,51,18,38,"264,249",97,0,1,0,1,0,0,89,170,31,2,0
612,28,7,2,2,2,225,26,9,28,"264,249",97,0,1,1,0,0,2,69,169,24,2,0
613,3,27,2,3,2,179,51,18,38,"264,249",97,0,1,0,1,0,0,89,170,31,2,0
614,33,23,2,3,2,248,25,14,47,"264,249",97,0,1,2,0,0,1,86,165,32,2,0
615,28,25,2,3,2,225,26,9,28,"264,249",97,0,1,1,0,0,2,69,169,24,2,0
616,3,27,2,4,2,179,51,18,38,"264,249",97,0,1,0,1,0,0,89,170,31,2,0
617,3,27,2,5,2,179,51,18,38,"264,249",97,0,1,0,1,0,0,89,170,31,2,0
618,25,25,2,6,2,235,16,8,32,"264,249",97,0,3,0,0,0,0,75,178,25,2,0
619,3,27,3,2,2,179,51,18,38,"222,196",99,0,1,0,1,0,0,89,170,31,2,0
620,33,23,3,2,2,248,25,14,47,"222,196",99,0,1,2,0,0,1,86,165,32,2,0
621,9,25,3,3,2,228,14,16,58,"222,196",99,0,1,2,0,0,1,65,172,22,3,0
622,33,25,3,3,2,248,25,14,47,"222,196",99,0,1,2,0,0,1,86,165,32,3,0
623,9,12,3,3,2,228,14,16,58,"222,196",99,0,1,2,0,0,1,65,172,22,112,1
624,3,27,3,4,2,179,51,18,38,"222,196",99,0,1,0,1,0,0,89,170,31,2,0
625,28,27,3,5,2,225,26,9,28,"222,196",99,0,1,1,0,0,2,69,169,24,2,0
626,3,27,3,5,2,179,51,18,38,"222,196",99,0,1,0,1,0,0,89,170,31,3,0
627,28,25,3,5,2,225,26,9,28,"222,196",99,0,1,1,0,0,2,69,169,24,2,0
628,22,27,3,6,2,179,26,9,30,"222,196",99,0,3,0,0,0,0,56,171,19,3,0
629,25,25,3,2,2,235,16,8,32,"222,196",99,0,3,0,0,0,0,75,178,25,3,0
630,10,19,3,2,2,361,52,3,28,"222,196",99,0,1,1,1,0,4,80,172,27,8,1
631,3,13,3,3,2,179,51,18,38,"222,196",99,0,1,0,1,0,0,89,170,31,8,1
632,3,27,3,4,2,179,51,18,38,"222,196",99,0,1,0,1,0,0,89,170,31,2,0
633,3,27,3,5,2,179,51,18,38,"222,196",99,0,1,0,1,0,0,89,170,31,3,0
634,22,27,3,6,2,179,26,9,30,"222,196",99,0,3,0,0,0,0,56,171,19,2,0
635,3,10,3,2,2,179,51,18,38,"222,196",99,0,1,0,1,0,0,89,170,31,4,0
636,33,13,3,2,2,248,25,14,47,"222,196",99,0,1,2,0,0,1,86,165,32,2,0
637,3,27,3,2,2,179,51,18,38,"222,196",99,0,1,0,1,0,0,89,170,31,3,0
638,28,7,3,2,2,225,26,9,28,"222,196",99,0,1,1,0,0,2,69,169,24,8,1
639,3,27,3,3,2,179,51,18,38,"222,196",99,0,1,0,1,0,0,89,170,31,2,0
640,11,23,3,4,2,289,36,13,33,"222,196",99,0,1,2,1,0,1,90,172,30,8,1
641,9,25,3,4,2,228,14,16,58,"222,196",99,0,1,2,0,0,1,65,172,22,2,0
642,3,27,3,4,2,179,51,18,38,"222,196",99,0,1,0,1,0,0,89,170,31,2,0
643,33,23,3,5,2,248,25,14,47,"222,196",99,0,1,2,0,0,1,86,165,32,3,0
644,3,27,3,5,2,179,51,18,38,"222,196",99,0,1,0,1,0,0,89,170,31,3,0
645,22,23,3,6,2,179,26,9,30,"222,196",99,0,3,0,0,0,0,56,171,19,2,0
646,3,27,3,6,2,179,51,18,38,"222,196",99,0,1,0,1,0,0,89,170,31,3,0
647,3,27,3,3,3,179,51,18,38,"222,196",99,0,1,0,1,0,0,89,170,31,3,0
648,16,23,3,4,3,118,15,24,46,"222,196",99,0,1,2,1,1,0,75,175,25,8,1
649,14,13,3,4,3,155,12,14,34,"222,196",99,0,1,2,1,0,0,95,196,25,24,1
650,3,27,3,4,3,179,51,18,38,"222,196",99,0,1,0,1,0,0,89,170,31,3,0
651,3,27,3,5,3,179,51,18,38,"222,196",99,0,1,0,1,0,0,89,170,31,3,0
652,22,13,3,2,3,179,26,9,30,"222,196",99,0,3,0,0,0,0,56,171,19,2,0
653,11,19,3,2,3,289,36,13,33,"222,196",99,0,1,2,1,0,1,90,172,30,104,1
654,13,22,3,4,3,369,17,12,31,"222,196",99,0,1,3,1,0,0,70,169,25,8,1
655,28,13,4,2,3,225,26,9,28,"246,288",91,0,1,1,0,0,2,69,169,24,8,1
656,34,10,4,2,3,118,10,10,37,"246,288",91,0,1,0,0,0,0,83,172,28,8,1
657,10,19,4,3,3,361,52,3,28,"246,288",91,0,1,1,1,0,4,80,172,27,8,1
658,33,19,4,4,3,248,25,14,47,"246,288",91,0,1,2,0,0,1,86,165,32,8,1
659,6,13,4,5,3,189,29,13,33,"246,288",91,0,1,2,0,0,2,69,167,25,8,1
660,22,27,4,6,3,179,26,9,30,"246,288",91,0,3,0,0,0,0,56,171,19,2,0
661,13,7,4,2,3,369,17,12,31,"246,288",91,0,1,3,1,0,0,70,169,25,24,1
662,17,16,4,3,3,179,22,17,40,"246,288",91,0,2,2,0,1,0,63,170,22,2,0
663,36,23,4,3,3,118,13,18,50,"246,288",91,0,1,1,1,0,0,98,178,31,3,0
664,10,23,4,3,3,361,52,3,28,"246,288",91,0,1,1,1,0,4,80,172,27,2,0
665,34,10,4,4,3,118,10,10,37,"246,288",91,0,1,0,0,0,0,83,172,28,2,0
666,1,22,4,6,3,235,11,14,37,"246,288",91,0,3,1,0,0,1,88,172,29,8,1
667,22,27,4,6,3,179,26,9,30,"246,288",91,0,3,0,0,0,0,56,171,19,2,0
668,28,19,4,2,3,225,26,9,28,"246,288",91,0,1,1,0,0,2,69,169,24,8,1
669,25,16,4,3,3,235,16,8,32,"246,288",91,0,3,0,0,0,0,75,178,25,3,0
670,22,27,4,6,3,179,26,9,30,"246,288",91,0,3,0,0,0,0,56,171,19,2,0
671,14,28,4,3,3,155,12,14,34,"246,288",91,0,1,2,1,0,0,95,196,25,4,0
672,28,19,4,5,3,225,26,9,28,"246,288",91,0,1,1,0,0,2,69,169,24,8,1
673,36,14,4,5,3,118,13,18,50,"246,288",91,0,1,1,1,0,0,98,178,31,2,0
674,22,27,4,6,3,179,26,9,30,"246,288",91,0,3,0,0,0,0,56,171,19,2,0
675,1,22,5,2,3,235,11,14,37,"237,656",99,0,3,1,0,0,1,88,172,29,8,1
676,29,19,5,4,3,225,15,15,41,"237,656",99,0,4,2,1,0,2,94,182,28,3,0
677,25,28,5,4,3,235,16,8,32,"237,656",99,0,3,0,0,0,0,75,178,25,2,0
678,34,8,5,4,3,118,10,10,37,"237,656",99,0,1,0,0,0,0,83,172,28,3,0
679,5,26,5,4,3,235,20,13,43,"237,656",99,0,1,1,1,0,0,106,167,38,8,1
680,22,13,5,5,3,179,26,9,30,"237,656",99,0,3,0,0,0,0,56,171,19,1,0
681,15,28,5,5,3,291,31,12,40,"237,656",99,0,1,1,1,0,1,73,171,25,2,0
682,29,14,5,5,3,225,15,15,41,"237,656",99,0,4,2,1,0,2,94,182,28,8,1
683,26,19,5,6,3,300,26,13,43,"237,656",99,0,1,2,1,1,1,77,175,25,64,1
684,29,22,5,6,3,225,15,15,41,"237,656",99,0,4,2,1,0,2,94,182,28,8,1
685,22,27,5,6,3,179,26,9,30,"237,656",99,0,3,0,0,0,0,56,171,19,2,0
686,36,23,5,2,3,118,13,18,50,"237,656",99,0,1,1,1,0,0,98,178,31,2,0
687,36,5,5,3,3,118,13,18,50,"237,656",99,0,1,1,1,0,0,98,178,31,3,0
688,34,28,5,3,3,118,10,10,37,"237,656",99,0,1,0,0,0,0,83,172,28,1,0
689,36,0,5,3,3,118,13,18,50,"237,656",99,1,1,1,1,0,0,98,178,31,0,0
690,22,27,5,4,3,179,26,9,30,"237,656",99,0,3,0,0,0,0,56,171,19,2,0
691,23,0,5,4,3,378,49,11,36,"237,656",99,1,1,2,0,1,4,65,174,21,0,0
692,17,16,5,6,3,179,22,17,40,"237,656",99,0,2,2,0,1,0,63,170,22,1,0
693,14,10,5,2,3,155,12,14,34,"237,656",99,0,1,2,1,0,0,95,196,25,48,1
694,25,10,5,2,3,235,16,8,32,"237,656",99,0,3,0,0,0,0,75,178,25,8,1
695,15,22,5,4,3,291,31,12,40,"237,656",99,0,1,1,1,0,1,73,171,25,8,1
696,17,10,5,4,3,179,22,17,40,"237,656",99,0,2,2,0,1,0,63,170,22,8,1
697,28,6,5,4,3,225,26,9,28,"237,656",99,0,1,1,0,0,2,69,169,24,3,0
698,18,10,5,5,3,330,16,4,28,"237,656",99,0,2,0,0,0,0,84,182,25,8,1
699,25,23,5,5,3,235,16,8,32,"237,656",99,0,3,0,0,0,0,75,178,25,2,0
700,15,28,5,5,3,291,31,12,40,"237,656",99,0,1,1,1,0,1,73,171,25,2,0
701,22,27,5,6,3,179,26,9,30,"237,656",99,0,3,0,0,0,0,56,171,19,2,0
702,10,7,5,2,3,361,52,3,28,"237,656",99,0,1,1,1,0,4,80,172,27,8,1
703,14,23,5,4,3,155,12,14,34,"237,656",99,0,1,2,1,0,0,95,196,25,2,0
704,17,25,5,6,3,179,22,17,40,"237,656",99,0,2,2,0,1,0,63,170,22,8,1
705,14,10,5,6,3,155,12,14,34,"237,656",99,0,1,2,1,0,0,95,196,25,8,1
706,28,11,5,2,3,225,26,9,28,"237,656",99,0,1,1,0,0,2,69,169,24,1,0
707,16,7,6,4,3,118,15,24,46,"275,089",96,0,1,2,1,1,0,75,175,25,8,1
708,22,27,6,4,3,179,26,9,30,"275,089",96,0,3,0,0,0,0,56,171,19,3,0
709,34,26,6,6,3,118,10,10,37,"275,089",96,0,1,0,0,0,0,83,172,28,8,1
710,34,10,6,4,3,118,10,10,37,"275,089",96,0,1,0,0,0,0,83,172,28,8,1
711,23,22,6,5,3,378,49,11,36,"275,089",96,0,1,2,0,1,4,65,174,21,8,1
712,36,19,6,5,3,118,13,18,50,"275,089",96,0,1,1,1,0,0,98,178,31,24,1
713,12,19,6,6,3,233,51,1,31,"275,089",96,0,2,1,1,0,8,68,178,21,8,1
714,22,27,6,6,3,179,26,9,30,"275,089",96,0,3,0,0,0,0,56,171,19,2,0
715,2,0,6,2,3,235,29,12,48,"275,089",96,1,1,1,0,1,5,88,163,33,0,0
716,21,0,6,2,3,268,11,8,33,"275,089",96,1,2,0,0,0,0,79,178,25,0,0
717,36,19,6,5,3,118,13,18,50,"275,089",96,0,1,1,1,0,0,98,178,31,3,0
718,22,13,6,5,3,179,26,9,30,"275,089",96,0,3,0,0,0,0,56,171,19,2,0
719,15,28,6,5,3,291,31,12,40,"275,089",96,0,1,1,1,0,1,73,171,25,2,0
720,22,13,6,2,1,179,26,9,30,"275,089",96,0,3,0,0,0,0,56,171,19,3,0
721,34,25,6,2,1,118,10,10,37,"275,089",96,0,1,0,0,0,0,83,172,28,3,0
722,12,22,6,5,1,233,51,1,31,"275,089",96,0,2,1,1,0,8,68,178,21,8,1
723,34,8,6,6,1,118,10,10,37,"275,089",96,0,1,0,0,0,0,83,172,28,2,0
724,34,10,6,4,1,118,10,10,37,"275,089",96,0,1,0,0,0,0,83,172,28,3,0
725,12,22,6,4,1,233,51,1,31,"275,089",96,0,2,1,1,0,8,68,178,21,3,0
726,5,26,7,4,1,235,20,13,43,"264,604",93,0,1,1,1,0,0,106,167,38,4,0
727,12,19,7,6,1,233,51,1,31,"264,604",93,0,2,1,1,0,8,68,178,21,2,0
728,9,6,7,2,1,228,14,16,58,"264,604",93,0,1,2,0,0,1,65,172,22,8,1
729,34,28,7,2,1,118,10,10,37,"264,604",93,0,1,0,0,0,0,83,172,28,4,0
730,9,6,7,3,1,228,14,16,58,"264,604",93,0,1,2,0,0,1,65,172,22,120,1
731,6,22,7,3,1,189,29,13,33,"264,604",93,0,1,2,0,0,2,69,167,25,16,1
732,34,23,7,4,1,118,10,10,37,"264,604",93,0,1,0,0,0,0,83,172,28,2,0
733,10,22,7,4,1,361,52,3,28,"264,604",93,0,1,1,1,0,4,80,172,27,8,1
734,28,22,7,4,1,225,26,9,28,"264,604",93,0,1,1,0,0,2,69,169,24,8,1
735,13,13,7,2,1,369,17,12,31,"264,604",93,0,1,3,1,0,0,70,169,25,80,1
736,11,14,7,3,1,289,36,13,33,"264,604",93,0,1,2,1,0,1,90,172,30,8,1
737,1,11,7,3,1,235,11,14,37,"264,604",93,0,3,1,0,0,1,88,172,29,4,0
738,4,0,0,3,1,118,14,13,40,"271,219",95,0,1,1,1,0,8,98,170,34,0,0
739,8,0,0,4,2,231,35,14,39,"271,219",95,0,1,2,1,0,2,100,170,35,0,0
740,35,0,0,6,3,179,45,14,53,"271,219",95,0,1,1,0,0,1,77,175,25,0,0
